peptide_number,receptor,tyrosine number,original_sequence,edited_sequence
95,ErbB4,875,rllegdekexnadggkmd,RLLEGDEKEyNADGGKM
98,ErbB4,984,srmardpqrxlviqgddd,SRMARDPQRyLVIQGDD
122,ErbB4,1150,prgeldeegymtpmrdkd,PRGELDEEGyMTPMRDK
125,ErbB4,1202,ngppkaedeyvneplyld,NGPPKAEDEyVNEPLYL
126,ErbB4,1221,fantlgkaexlknnilsd,FANTLGKAEyLKNNILS
127,ErbB4,1242,akkafdnpdxwnhslppd,AKKAFDNPDyWNHSLPP
129,ErbB4,1266,dylqeystkxfykqngrd,DYLQEYSTKyFYKQNGR
130,ErbB4,1268,lqeystkyfxkqngrird,LQEYSTKYFyKQNGRIR
133,ErbB3,912,elmtfgaepxaglrlaed,ELMTFGAEPyAGLRLAE
134,ErbB3,1132,sprprgdsaxhsqrhsld,SPRPRGDSAyHSQRHSL
137,ErbB4,733,lgsgafgtvxkgiwvped,LGSGAFGTVyKGIWVPE
139,ErbB4,833,cvqiakgmmxleerrlvd,CVQIAKGMMyLEERRLV
143,ErbB4,1066,tpmsgnqfvxrdggfaad,TPMSGNQFVyRDGGFAA
144,ErbB4,1208,edeyvneplxlntfantd,EDEYVNEPLyLNTFANT
146,ErbB4,1301,pgtvlppppxrhrntd,PGTVLPPPPyRHRNT
163,ErbB3,680,iqnkramrrxlergesiD,IQNKRAMRRyLERGESI
182,ErbB4,833,kgmmxleerrlvd,KGMMyLEERRLV
193,ErbB2,1139,PLTCSPQPEXVNQPDVRD,PLTCSPQPEyVNQPDVR
197,ErbB4,807,cllexvhehkdnd,CLLEyVHEHKDN
198,ErbB2,781,vgspxvsrllgid,VGSPyVSRLLGI
199,ErbB2,803,qlmpxgclldhvd,QLMPyGCLLDHV
200,ErbB2,1005,dstfxrslleddd,DSTFyRSLLEDD
202,ErbB2,1127,etdgxvapltcsd,ETDGyVAPLTCS
207,ErbB4,1056,eighspppaxtpmsgnqd,EIGHSPPPAyTPMSGNQ
209,ErbB3,665,fmmlggtflxwrgrrid,FMMLGGTFLyWRGRRI
212,ErbB3,1159,gleeedvngxvmpdthld,GLEEEDVNGyVMPDTHL
227,ErbB4,1056,pppaxtpmsgnqd,PPPAyTPMSGNQ
249,ErbB3,1132,gdsaxhsqrhsl,GDSAyHSQRHSL
250,ErbB3,1159,dvngxvmpdthl,DVNGyVMPDTHL
251,ErbB3,1307,phvhxarlktlr,PHVHyARLKTLR
253,ErbB4,1022,daeexlvpqafn,DAEEyLVPQAFN
254,ErbB4,1081,vsvpxraptsti,VSVPyRAPTSTI
255,ErbB4,1128,stqrxsadptvf,STQRySADPTVF
256,ErbB4,1150,deegxmtpmrdk,DEEGyMTPMRDK
257,ErbB3,789,lvtqxlplgsll,LVTQyLPLGSLL
258,ErbB2,735,fgtvxkgiwipd,FGTVyKGIWIP
261,ErbB2,1112,plqrxsedptvp,PLQRySEDPTVP
263,ErbB2,772,ldeaxvmagvgs,LDEAyVMAGVGS
295,ErbB4,1056,pppaytpmsgnqd,PPPAyTPMSGNQ
339,ErbB4,1262,ylqexstkyfykd,YLQEySTKYFYK
367,ErbB2,685,kirkxtmrrllqd,KIRKyTMRRLLQ
379,ERBB4,906,dvwsxg(vt)ziweld,DVWSyGVTIWEL
390,ErbB1,764,LDEAXVMASVDNd,LDEAyVMASVDN
391,ErbB1,801,CLLDXVREHKDNd,CLLDyVREHKDN
392,ErbB3,823,AKGMXYLEEHGMd,AKGMyYLEEHGM
393,ErbB3,824,KGMYXLEEHGMVd,KGMYyLEEHGMV
394,ErbB2,835,KGMSXLEDVRLVd,KGMSyLEDVRLV
395,ErbB2,877,DETEXHADGGKVd,DETEyHADGGKV
396,ErbB4,865,DEKEXNADGGKMd,DEKEyNADGGKM
401,ErbB1,727,FGTVXKGLWIPE,FGTVyKGLWIPE
407,ErbB3,975,DPPRXLVIKRES,DPPRyLVIKRES
408,ErbB1,1092,PVPEXINQSVPKd,PVPEyINQSVPK
409,ErbB3,1197,EDEEXEYMNRRRd,EDEEyEYMNRRR
413,ErbB1,827,KGMNXLEDRRLVD,KGMNyLEDRRLV
415,ErbB1,900,DVWSXGVTVWELD,DVWSyGVTVWEL
432,KIT,703,EAALXKNLLHSKD,EAALyKNLLHSK
433,KIT,721,STNEXMDMKPGVD,STNEyMDMKPGV
434,KIT,823,NDSNXVVKGNARD,NDSNyVVKGNAR
441,ErbB2,1139,PQPEXVNQPDVRd,PQPEyVNQPDVR
442,KIT,568,NGNNXVYIDPTQD,NGNNyVYIDPTQ
443,KIT,570,NNYVXIDPTQLPD,NNYVyIDPTQLP
444,MET,1349,IGEHXVHVNATYD,IGEHyVHVNATY
446,MET,1003,ESVDXRATFPED,ESVDyRATFPE
447,MET,1230,ARDMXDKEYYSVD,ARDMyDKEYYSV
448,MET,1234,YDKEXYSVHNKTD,YDKEyYSVHNKT
449,MET,1235,DKEYXSVHNKTGD,DKEYySVHNKTG
450,MET,1313,PDPLXEVMLKCWD,PDPLyEVMLKCW
459,ErbB1,869,EEKEXHAEGGKVd,EEKEyHAEGGKV
460,ErbB1,915,GSKPXDGIPASEd,GSKPyDGIPASE
461,ErbB3,868,KQLLXSEAKTPId,KQLLySEAKTPI
463,KIT,936,TNHIXSNLANCSd,TNHIySNLANCS
465,MET,1365,CVAPXPSLLSSEd,CVAPyPSLLSSE
468,ErbB1,1016,DADEXLIPQQGFd,DADEyLIPQQGF
469,ErbB1,1069,FLQRXSSDPTGAd,FLQRySSDPTGA
471,ErbB1,1110,QNPVXHNQPLNPd,QNPVyHNQPLNP
473,ErbB1,1138,GNPEXLNTVQPTd,GNPEyLNTVQPT
475,ErbB2,1023,DAEEXLVPQQGFd,DAEEyLVPQQGF
476,ErbB3,1054,PSSGXMPMNQGNd,PSSGyMPMNQGN
477,ErbB4,1162,PKQEXLNPVEENd,PKQEyLNPVEEN
478,ErbB1,1197,ENAEXLRVAPQSd,ENAEyLRVAPQS
479,ErbB2,1196,ENPEXLTPQGGAd,ENPEyLTPQGGA
480,ErbB2,1221,FDNLXYWDQDPPEd,FDNLyYWDQDPPE
481,ErbB2,1222,DNLYXWDQDPPEd,DNLYyWDQDPPE
482,ErbB2,1248,ENPEXLGLDVPVd,ENPEyLGLDVPV
483,ErbB3,1222,EELGXEYMDVGSd,EELGyEYMDVGS
484,ErbB3,1224,LGYEXMDVGSDLd,LGYEyMDVGSDL
485,ErbB3,1260,PDEDXEYMNRQRd,PDEDyEYMNRQR
486,ErbB4,1188,DNPEXHNASNGPd,DNPEyHNASNGP
487,ErbB4,1258,QHPDXLQEYSTKd,QHPDyLQEYSTK
494,ErbB3,665,GTFLXWRGRRIQd,GTFLyWRGRRIQ
495,ErbB3,1262,EDYEXMNRQRDGd,EDYEyMNRQRDG
497,ErbB4,1284,ENPEXLSEFSLKd,ENPEyLSEFSLK
498,ErbB3,1289,SEQGXEEMRAFQd,SEQGyEEMRAFQ
501,ErbB2,1139,PQPEXVNQPDVRd,PQPEyVNQPDVR
502,ErbB1,998,DSNFXRALMDEEd,DSNFyRALMDEE
505,ErbB3,1276,PGGDXAAMGACPd,PGGDyAAMGACP
506,ErbB3,1328,DNPDXWHSRLFPd,DNPDyWHSRLFP
508,ErbB1,1172,DNPDXQQDFFPKd,DNPDyQQDFFPK
509,ErbB1,727,FGTVXKGLWIPEd,FGTVyKGLWIPE
511,ErbB4,875,DEKEXNADGGKMd,DEKEyNADGGKM
534,ErbB3,680,AMRRXLERGESId,AMRRyLERGESI
535,ErbB3,912,GAEPXAGLRLAEd,GAEPyAGLRLAE
537,ErbB4,1066,NQFVXRDGGFAAd,NQFVyRDGGFAA
538,ErbB4,1202,AEDEXVNEPLYLd,AEDEyVNEPLYL
539,ErbB4,1221,GKAEXLKNNILSd,GKAEyLKNNILS
542,ErbB4,1035,PPPIXTSRARIDd,PPPIyTSRARID
544,ErbB4,733,FGTVXKGIWVPEd,FGTVyKGIWVPE
546,ErbB4,1208,NEPLXLNTFANTd,NEPLyLNTFANT
547,ErbB4,1242,DNPDXWNHSLPPd,DNPDyWNHSLPP
548,ErbB4,1268,TKYFXKQNGRIRd,TKYFyKQNGRIR
610,KIT,900,PAEMXDIMKTCWd,PAEMyDIMKTCW
611,ErbB2,1139,PQPEXVNQPDVRd,PQPEyVNQPDVR
613,ErbB4,906,DVWSXGVTIWELd,DVWSyGVTIWEL
615,ErbB1,1125,RDPHXQDPHSTAd,RDPHyQDPHSTA
616,ErbB3,1199,EEYEXMNRRRRHd,EEYEyMNRRRRH
617,ErbB4,664,TFAVXVRRKSIKd,TFAVyVRRKSIK
618,ErbB1,891,LHRIXTHQSDVWd,LHRIyTHQSDVW
619,ErbB1,813,IGSQXLLNWCVQd,IGSQyLLNWCVQ
620,MET,1284,GAPPXPDVNTFDd,GAPPyPDVNTFD
621,MET,1295,DITVXLLQGRRLd,DITVyLLQGRRL
622,MET,971,ELVRXDARVHTPd,ELVRyDARVHTP
623,MET,1026,RQVQXPLTDMSPd,RQVQyPLTDMSP
624,MET,1093,FGCVXHGTLLDNd,FGCVyHGTLLDN
625,MET,1159,VVLPXMKHGDLRd,VVLPyMKHGDLR
627,MET,1307,LQPEXCPDPLYEd,LQPEyCPDPLYE
628,Gab1,242,QQMIXDSPPSRAd,QQMIyDSPPSRA
629,Gab1,259,DSSLXNLPRSYSd,DSSLyNLPRSYS
630,Gab1,265,LPRSXSHDVLPKd,LPRSySHDVLPK
631,Gab1,285,DGELXVFNTPSGd,DGELyVFNTPSG
632,Gab1,307,VSISXDIPPTPGd,VSISyDIPPTPG
633,Gab1,317,PGNTXQIPRTFPd,PGNTyQIPRTFP
636,ErbB1,944,TIDVXMIMVKCWd,TIDVyMIMVKCW
637,Gab1,373,TDSSXCIPTAGMd,TDSSyCIPTAGM
638,Gab1,406,SQDCXDIPRAFPd,SQDCyDIPRAFP
639,Gab1,447,LDENXVPMNPNSd,LDENyVPMNPNS
640,Gab1,472,QEANXVPMTPGTd,QEANyVPMTPGT
641,Gab1,627,SEENXVPMNPNLd,SEENyVPMNPNL
642,Gab1,657,KQVEXLDLDLDSd,KQVEyLDLDLDS
643,Gab1,689,ERVDXVVVDQQKd,ERVDyVVVDQQK
644,Gab1,162,LPPPXQLINVPPd,LPPPyQLINVPP
645,Gab1,183,DPQDXLLLINCQd,DPQDyLLLINCQ
650,Gab1,24,KLKRXAWKRRWFd,KLKRyAWKRRWF
651,Gab1,47,KVLEXYKNDHAKd,VLEyYKNDHAK
652,Gab1,48,VLEYXKNDHAKKd,VLEYyKNDHAKK
653,Gab1,83,FENSXIFDINTId,FENSyIFDINTI
654,Gab1,95,DRIFXLVADSEEd,DRIFyLVADSEE
655,KIT,553,QKPMXEVQWKVVd,QKPMyEVQWKVV
656,KIT,730,PGVSXVVPTKAD,PGVSyVVPTKA
657,KIT,747,RIGSXIERDVTPd,RIGSyIERDVTP
658,KIT,545,MILTXKYLQKPMd,MILTyKYLQKPM
659,KIT,547,LTYKXLQKPMYEd,LTYKyLQKPMYE
661,KIT,609,EATAXGLIKSDAd,EATAyGLIKSDA
663,KIT,672,VITEXCCYGDLLd,VITEyCCYGDLL
664,KIT,675,EYCCXGDLLNFLd,EYCCyGDLLNFL
667,KIT,855,DVWSXGIFLWELd,DVWSyGIFLWEL
668,KIT,870,GSSPXPGMPVDSd,GSSPyPGMPVDS
669,KIT,880,DSKFXKMIKEGFd,DSKFyKMIKEGF
670,KIT,578,TQLPXDHKWEFPd,TQLPyDHKWEFP
671,KIT,646,KVLSXLGNHMNId,KVLSyLGNHMNI
672,KIT,774,LSFSXQVAKGMAd,LSFSyQVAKGMA
673,KIT,846,FNCVXTFESDVWd,FNCVyTFESDVW
698,ErbB1,801,CLLDXVREHKDNd,CLLDyVREHKDN
699,ErbB1,978,DPQRXLVIQGDEd,DPQRyLVIQGDE
700,ErbB2,781,VGSPXVSRLLGId,VGSPyVSRLLGI
701,ErbB2,803,QLMPXGCLLDHVd,QLMPyGCLLDHV
702,ErbB2,1112,PLQRXSEDPTVPd,PLQRySEDPTVP
703,ErbB2,1139,PQPEXVNQPDVRd,PQPEyVNQPDVR
708,ErbB4,1128,STQRXSADPTVFd,STQRySADPTVF
709,ErbB4,1301,PPPPXRHRNTVVd,PPPPyRHRNTVV
